<?xml version="1.0" encoding="UTF-8" standalone="no"?><project xmlns="http://maven.apache.org/POM/4.0.0" xmlns:xsi="http://www.w3.org/2001/XMLSchema-instance" xsi:schemaLocation="http://maven.apache.org/POM/4.0.0 http://maven.apache.org/xsd/maven-4.0.0.xsd">
	<modelVersion>4.0.0</modelVersion>

	<groupId>mypackage</groupId>
	<artifactId>ucar</artifactId>
	<packaging>im_module</packaging>
	<version>1.0.0</version>

	<properties>
		<project.build.sourceEncoding>UTF-8</project.build.sourceEncoding>
	</properties>

	<build>
		<plugins>
			<!-- configure for lifecycle -->
			<plugin>
				<groupId>jp.co.intra_mart.maven</groupId>
				<artifactId>lifecycle-plugin</artifactId>
				<version>1.0.0</version>
				<extensions>true</extensions>
			</plugin>
			<!-- configure for adding generated source folder -->
			<plugin>
				<groupId>org.codehaus.mojo</groupId>
				<artifactId>build-helper-maven-plugin</artifactId>
				<version>1.7</version>
				<executions>
					<execution>
						<id>add-source</id>
						<phase>generate-sources</phase>
						<goals>
							<goal>add-source</goal>
						</goals>
						<configuration>
							<sources>
								<source>${basedir}/src/main/generated</source>
							</sources>
						</configuration>
					</execution>
					<execution>
						<id>add-test-source</id>
						<phase>generate-sources</phase>
						<goals>
							<goal>add-test-source</goal>
						</goals>
						<configuration>
							<sources>
								<source>${basedir}/src/test/generated</source>
							</sources>
						</configuration>
					</execution>
				</executions>
			</plugin>
			<!-- configure for compiler -->
			<plugin>
				<groupId>org.apache.maven.plugins</groupId>
				<artifactId>maven-compiler-plugin</artifactId>
				<version>3.1</version>
				<configuration>
					<source>1.7</source>
					<target>1.7</target>
					<encoding>${project.reporting.outputEncoding}</encoding>
					<useIncrementalCompilation>false</useIncrementalCompilation>
				</configuration>
			</plugin>
			<!-- configure maven-jar-plugin version for mac -->
			<plugin>
				<groupId>org.apache.maven.plugins</groupId>
				<artifactId>maven-jar-plugin</artifactId>
				<version>2.4</version>
			</plugin>
			<plugin>
				<groupId>jp.co.intra_mart.maven</groupId>
				<artifactId>sample-build-plugin</artifactId>
				<version>1.0.0</version>
				<dependencies>
					<dependency>
						<groupId>org.apache.maven.plugins</groupId>
						<artifactId>maven-jar-plugin</artifactId>
						<version>2.4</version>
					</dependency>
				</dependencies>
			</plugin>
			<plugin>
				<groupId>jp.co.intra_mart.maven</groupId>
				<artifactId>archiver-plugin</artifactId>
				<version>1.0.0</version>
				<dependencies>
					<dependency>
					<groupId>org.apache.maven.plugins</groupId>
					<artifactId>maven-jar-plugin</artifactId>
					<version>2.4</version>
				</dependency>
				</dependencies>
			</plugin>
		</plugins>
	</build>

</project>