<?xml version="1.0" encoding="UTF-8" standalone="no"?>
<data-config>

	<!-- [[U-Car商品化システム(共通)]] -->

	<dao-group>
		<dao-key>CodeMasterDAO</dao-key>
		<description></description>
		<dao>
			<display-name>コード区分マスタDAO</display-name>
			<dao-class>com.toyotec_jp.ucar.workflow.common.parts.model.data.CodeMasterDAOImpl</dao-class>
			<connector-name>shared_db</connector-name>
			<connect-name/>
			<description/>
		</dao>
	</dao-group>

	<dao-group>
		<dao-key>DocFormatDAO</dao-key>
		<description></description>
		<dao>
			<display-name>書式操作DAO</display-name>
			<dao-class>com.toyotec_jp.ucar.workflow.common.parts.model.data.DocFormatDAOImpl</dao-class>
			<connector-name>shared_db</connector-name>
			<connect-name/>
			<description/>
		</dao>
	</dao-group>

	<dao-group>
		<dao-key>UserInformationDAO</dao-key>
		<description></description>
		<dao>
			<display-name>ユーザ関連情報操作DAO</display-name>
			<dao-class>com.toyotec_jp.ucar.workflow.common.parts.model.data.UserInformationDAOImpl</dao-class>
			<connector-name>shared_db</connector-name>
			<connect-name/>
			<description/>
		</dao>
	</dao-group>

	<dao-group>
		<dao-key>KyoutuTenpoDBDAO</dao-key>
		<description></description>
		<dao>
			<display-name>共通店舗DBDAO</display-name>
			<dao-class>com.toyotec_jp.ucar.workflow.common.parts.model.data.KyoutuTenpoDBDAOImpl</dao-class>
			<connector-name>shared_db</connector-name>
			<connect-name/>
			<description/>
		</dao>
	</dao-group>

	<dao-group>
		<dao-key>RikusiCodeDBDAO</dao-key>
		<description></description>
		<dao>
			<display-name>陸支コードDBDAO</display-name>
			<dao-class>com.toyotec_jp.ucar.workflow.common.parts.model.data.RikusiCodeDBDAOImpl</dao-class>
			<connector-name>shared_db</connector-name>
			<connect-name/>
			<description/>
		</dao>
	</dao-group>

	<dao-group>
		<dao-key>CodeKubunDBDAO</dao-key>
		<description></description>
		<dao>
			<display-name>コード区分DBDAO</display-name>
			<dao-class>com.toyotec_jp.ucar.workflow.common.parts.model.data.CodeKubunDBDAOImpl</dao-class>
			<connector-name>shared_db</connector-name>
			<connect-name/>
			<description/>
		</dao>
	</dao-group>

	<dao-group>
		<dao-key>SyainDBDAO</dao-key>
		<description></description>
		<dao>
			<display-name>社員DBDAO</display-name>
			<dao-class>com.toyotec_jp.ucar.workflow.common.parts.model.data.SyainDBDAOImpl</dao-class>
			<connector-name>shared_db</connector-name>
			<connect-name/>
			<description/>
		</dao>
	</dao-group>

	<dao-group>
		<dao-key>UcaaMasterDAO</dao-key>
		<description></description>
		<dao>
			<display-name>U-Car商品化マスタ関連DAO</display-name>
			<dao-class>com.toyotec_jp.ucar.workflow.common.parts.model.data.UcaaMasterDAOImpl</dao-class>
			<connector-name>shared_db</connector-name>
			<connect-name/>
			<description/>
		</dao>
	</dao-group>

	<dao-group>
		<dao-key>UcaaTransactionDAO</dao-key>
		<description></description>
		<dao>
			<display-name>U-Car商品化トランザクション関連DAO</display-name>
			<dao-class>com.toyotec_jp.ucar.workflow.common.parts.model.data.UcaaTransactionDAOImpl</dao-class>
			<connector-name>shared_db</connector-name>
			<connect-name/>
			<description/>
		</dao>
	</dao-group>

	<dao-group>
		<dao-key>SagyoKouteiDAO</dao-key>
		<description></description>
		<dao>
			<display-name>作業工程マスタDAO</display-name>
			<dao-class>com.toyotec_jp.ucar.workflow.common.parts.model.data.SagyoKouteiDAOImpl</dao-class>
			<connector-name>shared_db</connector-name>
			<connect-name/>
			<description/>
		</dao>
	</dao-group>

	<!-- 2012.03.26 T.Hayato 追加 配送候補連携処理 追加のため start -->
	<dao-group>
		<dao-key>HaisoKouhoRenkeiDAO</dao-key>
		<description></description>
		<dao>
			<display-name>配送候補連携DBDAO</display-name>
			<dao-class>com.toyotec_jp.ucar.workflow.common.parts.model.data.HaisoKouhoRenkeiDAOImpl</dao-class>
			<connector-name>shared_db</connector-name>
			<connect-name/>
			<description/>
		</dao>
	</dao-group>
	<!-- 2012.03.26 T.Hayato 追加 配送候補連携処理 追加のため end -->

	<dao-group>
		<dao-key>SagyousyaMasterDAO</dao-key>
		<description></description>
		<dao>
			<display-name>作業マスタDBDAO</display-name>
			<dao-class>com.toyotec_jp.ucar.workflow.common.parts.model.data.SagyousyaMasterDAOImpl</dao-class>
			<connector-name>shared_db</connector-name>
			<connect-name/>
			<description/>
		</dao>
	</dao-group>

	<!-- 2013.02.05 C.Ohta 追加 業販・U-Car店舗営業支援 start -->
	<dao-group>
		<dao-key>SiwakeCodeMasterDAO</dao-key>
		<description></description>
		<dao>
			<display-name>仕分用コード区分マスタDAO</display-name>
			<dao-class>com.toyotec_jp.ucar.workflow.common.parts.model.data.SiwakeCodeMasterDAOImpl</dao-class>
			<connector-name>shared_db</connector-name>
			<connect-name/>
			<description/>
		</dao>
	</dao-group>
	<!-- 2013.02.05 C.Ohta 追加 業販・U-Car店舗営業支援 end -->

	<dao-group>
		<dao-key>UcarCommonDAO</dao-key>
		<description></description>
		<dao>
			<display-name>U-Car商品化システム(共通)DBDAO</display-name>
			<dao-class>com.toyotec_jp.ucar.workflow.common.parts.model.data.UcarCommonDAOImpl</dao-class>
			<connector-name>shared_db</connector-name>
			<connect-name/>
			<description/>
		</dao>
	</dao-group>

	<!-- 2013.04.17 T.Hayato 追加 搬入拠点分散対応2のため start -->
	<dao-group>
		<dao-key>UcarCommonSystemDAO</dao-key>
		<description></description>
		<dao>
			<display-name>U-Car商品化システム(共通)DBDAO</display-name>
			<dao-class>com.toyotec_jp.ucar.workflow.common.parts.model.data.UcarCommonSystemDBDAOImpl</dao-class>
			<connector-name>shared_db</connector-name>
			<connect-name/>
			<description/>
		</dao>
	</dao-group>
	<!-- 2013.04.17 T.Hayato 追加 搬入拠点分散対応2のため end -->

</data-config>
