<?xml version="1.0" encoding="UTF-8" standalone="no"?>
<event-config>

	<!-- [[U-Car商品化システム(共通)]] -->

	<event-group>
		<event-key>ViewCodeMaster</event-key>
		<event-class>com.toyotec_jp.ucar.workflow.common.parts.model.event.CodeMasterEvent</event-class>
		<event-factory>
			<factory-class>jp.co.intra_mart.framework.base.event.StandardEventListenerFactory</factory-class>
			<init-param>
				<param-name>listener</param-name>
				<param-value>com.toyotec_jp.ucar.workflow.common.parts.model.event.CodeMasterEventListener</param-value>
				<description/>
			</init-param>
		</event-factory>
		<display-name>コード区分マスタ取得イベント</display-name>
	</event-group>

	<event-group>
		<event-key>ExcelFormatRead</event-key>
		<event-class>com.toyotec_jp.ucar.workflow.common.parts.model.event.ExcelFormatReadEvent</event-class>
		<event-factory>
			<factory-class>jp.co.intra_mart.framework.base.event.StandardEventListenerFactory</factory-class>
			<init-param>
				<param-name>listener</param-name>
				<param-value>com.toyotec_jp.ucar.workflow.common.parts.model.event.ExcelFormatReadEventListener</param-value>
				<description/>
			</init-param>
		</event-factory>
		<display-name>Excel読み込みイベント</display-name>
	</event-group>

	<event-group>
		<event-key>ExcelFormatWrite</event-key>
		<event-class>com.toyotec_jp.ucar.workflow.common.parts.model.event.ExcelFormatWriteEvent</event-class>
		<event-factory>
			<factory-class>jp.co.intra_mart.framework.base.event.StandardEventListenerFactory</factory-class>
			<init-param>
				<param-name>listener</param-name>
				<param-value>com.toyotec_jp.ucar.workflow.common.parts.model.event.ExcelFormatWriteEventListener</param-value>
				<description/>
			</init-param>
		</event-factory>
		<display-name>Excel書き込みイベント</display-name>
	</event-group>

	<event-group>
		<event-key>UserInformationGet</event-key>
		<event-class>com.toyotec_jp.ucar.workflow.common.parts.model.event.UserInformationGetEvent</event-class>
		<event-factory>
			<factory-class>jp.co.intra_mart.framework.base.event.StandardEventListenerFactory</factory-class>
			<init-param>
				<param-name>listener</param-name>
				<param-value>com.toyotec_jp.ucar.workflow.common.parts.model.event.UserInformationGetEventListener</param-value>
				<description/>
			</init-param>
		</event-factory>
		<display-name>ユーザ情報取得イベント</display-name>
	</event-group>

	<event-group>
		<event-key>KyoutuTenpoDBEvent</event-key>
		<event-class>com.toyotec_jp.ucar.workflow.common.parts.model.event.KyoutuTenpoDBEvent</event-class>
		<event-factory>
			<factory-class>jp.co.intra_mart.framework.base.event.StandardEventListenerFactory</factory-class>
			<init-param>
				<param-name>listener</param-name>
				<param-value>com.toyotec_jp.ucar.workflow.common.parts.model.event.KyoutuTenpoDBEventListener</param-value>
				<description/>
			</init-param>
		</event-factory>
		<display-name>共通店舗DB取得イベント</display-name>
	</event-group>

	<event-group>
		<event-key>RikusiCodeDBEvent</event-key>
		<event-class>com.toyotec_jp.ucar.workflow.common.parts.model.event.RikusiCodeDBEvent</event-class>
		<event-factory>
			<factory-class>jp.co.intra_mart.framework.base.event.StandardEventListenerFactory</factory-class>
			<init-param>
				<param-name>listener</param-name>
				<param-value>com.toyotec_jp.ucar.workflow.common.parts.model.event.RikusiCodeDBEventListener</param-value>
				<description/>
			</init-param>
		</event-factory>
		<display-name>陸支コードDB取得イベント</display-name>
	</event-group>

	<event-group>
		<event-key>CodeKubunDBEvent</event-key>
		<event-class>com.toyotec_jp.ucar.workflow.common.parts.model.event.CodeKubunDBEvent</event-class>
		<event-factory>
			<factory-class>jp.co.intra_mart.framework.base.event.StandardEventListenerFactory</factory-class>
			<init-param>
				<param-name>listener</param-name>
				<param-value>com.toyotec_jp.ucar.workflow.common.parts.model.event.CodeKubunDBEventListener</param-value>
				<description/>
			</init-param>
		</event-factory>
		<display-name>コード区分DB取得イベント</display-name>
	</event-group>

	<event-group>
		<event-key>SyainDBEvent</event-key>
		<event-class>com.toyotec_jp.ucar.workflow.common.parts.model.event.SyainDBEvent</event-class>
		<event-factory>
			<factory-class>jp.co.intra_mart.framework.base.event.StandardEventListenerFactory</factory-class>
			<init-param>
				<param-name>listener</param-name>
				<param-value>com.toyotec_jp.ucar.workflow.common.parts.model.event.SyainDBEventListener</param-value>
				<description/>
			</init-param>
		</event-factory>
		<display-name>社員DB取得イベント</display-name>
	</event-group>

	<event-group>
		<event-key>GetCheckvaluesEvent</event-key>
		<event-class>com.toyotec_jp.ucar.workflow.common.parts.model.event.GetCheckvaluesEvent</event-class>
		<event-factory>
			<factory-class>jp.co.intra_mart.framework.base.event.StandardEventListenerFactory</factory-class>
			<init-param>
				<param-name>listener</param-name>
				<param-value>com.toyotec_jp.ucar.workflow.common.parts.model.event.GetCheckvaluesEventListener</param-value>
				<description/>
			</init-param>
		</event-factory>
		<display-name>checkvalues用データ取得イベント</display-name>
	</event-group>

	<event-group>
		<event-key>GetNoKataruibCountEvent</event-key>
		<event-class>com.toyotec_jp.ucar.workflow.common.parts.model.event.GetNoKataruibCountEvent</event-class>
		<event-factory>
			<factory-class>jp.co.intra_mart.framework.base.event.StandardEventListenerFactory</factory-class>
			<init-param>
				<param-name>listener</param-name>
				<param-value>com.toyotec_jp.ucar.workflow.common.parts.model.event.GetNoKataruibCountEventListener</param-value>
				<description/>
			</init-param>
		</event-factory>
		<display-name>型式指定類別NO件数取得イベント</display-name>
	</event-group>

	<event-group>
		<event-key>SagyoKouteiEvent</event-key>
		<event-class>com.toyotec_jp.ucar.workflow.common.parts.model.event.SagyoKouteiEvent</event-class>
		<event-factory>
			<factory-class>jp.co.intra_mart.framework.base.event.StandardEventListenerFactory</factory-class>
			<init-param>
				<param-name>listener</param-name>
				<param-value>com.toyotec_jp.ucar.workflow.common.parts.model.event.SagyoKouteiEventListener</param-value>
				<description/>
			</init-param>
		</event-factory>
		<display-name>作業工程マスタ取得イベント</display-name>
	</event-group>

	<event-group>
		<event-key>CheckStatusEvent</event-key>
		<event-class>com.toyotec_jp.ucar.workflow.common.parts.model.event.CheckStatusEvent</event-class>
		<event-factory>
			<factory-class>jp.co.intra_mart.framework.base.event.StandardEventListenerFactory</factory-class>
			<init-param>
				<param-name>listener</param-name>
				<param-value>com.toyotec_jp.ucar.workflow.common.parts.model.event.CheckStatusEventListener</param-value>
				<description/>
			</init-param>
		</event-factory>
		<display-name>ステータスDB存在チェックイベント</display-name>
	</event-group>

	<!-- 2012.01.30 T.Hayato 追加 ステータスDB日付比較チェックのため start -->
	<event-group>
		<event-key>CheckStatusDateEvent</event-key>
		<event-class>com.toyotec_jp.ucar.workflow.common.parts.model.event.CheckStatusDateEvent</event-class>
		<event-factory>
			<factory-class>jp.co.intra_mart.framework.base.event.StandardEventListenerFactory</factory-class>
			<init-param>
				<param-name>listener</param-name>
				<param-value>com.toyotec_jp.ucar.workflow.common.parts.model.event.CheckStatusDateEventListener</param-value>
				<description/>
			</init-param>
		</event-factory>
		<display-name>ステータスDB日付比較イベント</display-name>
	</event-group>
	<!-- 2012.01.30 T.Hayato 追加 ステータスDB日付比較チェックのため end -->

	<!-- 2012.02.13 T.Hayato 追加 ゾーン日数 更新設定のため start -->
	<event-group>
		<event-key>UpdateZoneDateEvent</event-key>
		<event-class>com.toyotec_jp.ucar.workflow.common.parts.model.event.UpdateZoneDateEvent</event-class>
		<event-factory>
			<factory-class>jp.co.intra_mart.framework.base.event.StandardEventListenerFactory</factory-class>
			<init-param>
				<param-name>listener</param-name>
				<param-value>com.toyotec_jp.ucar.workflow.common.parts.model.event.UpdateZoneDateEventListener</param-value>
				<description/>
			</init-param>
		</event-factory>
		<display-name>ゾーン日数更新イベント</display-name>
	</event-group>
	<!-- 2012.02.13 T.Hayato 追加 ゾーン日数 更新設定のため end -->

	<!-- 2012.03.26 T.Hayato 追加 配送候補連携処理 追加のため start -->
	<event-group>
		<event-key>InitHaisoKouhoRenkei</event-key>
		<event-class>com.toyotec_jp.ucar.workflow.common.parts.model.event.InitHaisoKouhoRenkeiEvent</event-class>
		<event-factory>
			<factory-class>jp.co.intra_mart.framework.base.event.StandardEventListenerFactory</factory-class>
			<init-param>
				<param-name>listener</param-name>
				<param-value>com.toyotec_jp.ucar.workflow.common.parts.model.event.InitHaisoKouhoRenkeiEventListener</param-value>
				<description/>
			</init-param>
		</event-factory>
		<display-name>配送候補連携イベント(初期表示用)</display-name>
	</event-group>

	<event-group>
		<event-key>CarryoutHaisoKouhoRenkei</event-key>
		<event-class>com.toyotec_jp.ucar.workflow.common.parts.model.event.CarryoutHaisoKouhoRenkeiEvent</event-class>
		<event-factory>
			<factory-class>jp.co.intra_mart.framework.base.event.StandardEventListenerFactory</factory-class>
			<init-param>
				<param-name>listener</param-name>
				<param-value>com.toyotec_jp.ucar.workflow.common.parts.model.event.CarryoutHaisoKouhoRenkeiEventListener</param-value>
				<description/>
			</init-param>
		</event-factory>
		<display-name>配送候補連携イベント(車両搬出用)</display-name>
	</event-group>

	<event-group>
		<event-key>WorkSortHaisoKouhoRenkei</event-key>
		<event-class>com.toyotec_jp.ucar.workflow.common.parts.model.event.WorkSortHaisoKouhoRenkeiEvent</event-class>
		<event-factory>
			<factory-class>jp.co.intra_mart.framework.base.event.StandardEventListenerFactory</factory-class>
			<init-param>
				<param-name>listener</param-name>
				<param-value>com.toyotec_jp.ucar.workflow.common.parts.model.event.WorkSortHaisoKouhoRenkeiEventListener</param-value>
				<description/>
			</init-param>
		</event-factory>
		<display-name>配送候補連携イベント(作業仕分用)</display-name>
	</event-group>
	<!-- 2012.03.26 T.Hayato 追加 配送候補連携処理 追加のため end -->

	<event-group>
		<event-key>SagyousyaMasterEvent</event-key>
		<event-class>com.toyotec_jp.ucar.workflow.common.parts.model.event.SagyousyaMasterEvent</event-class>
		<event-factory>
			<factory-class>jp.co.intra_mart.framework.base.event.StandardEventListenerFactory</factory-class>
			<init-param>
				<param-name>listener</param-name>
				<param-value>com.toyotec_jp.ucar.workflow.common.parts.model.event.SagyousyaMasterEventListener</param-value>
				<description/>
			</init-param>
		</event-factory>
		<display-name>作業マスタリスト取得イベント</display-name>
	</event-group>

	<event-group>
		<event-key>GetSyouhizeirituEvent</event-key>
		<event-class>com.toyotec_jp.ucar.workflow.common.parts.model.event.GetSyouhizeirituEvent</event-class>
		<event-factory>
			<factory-class>jp.co.intra_mart.framework.base.event.StandardEventListenerFactory</factory-class>
			<init-param>
				<param-name>listener</param-name>
				<param-value>com.toyotec_jp.ucar.workflow.common.parts.model.event.GetSyouhizeirituEventListener</param-value>
				<description/>
			</init-param>
		</event-factory>
		<display-name>消費税率取得イベント</display-name>
	</event-group>

	<!-- 2013.02.05 C.Ohta 追加 業販・U-Car店舗営業支援 start -->
	<event-group>
		<event-key>ViewSiwakeCodeMaster</event-key>
		<event-class>com.toyotec_jp.ucar.workflow.common.parts.model.event.SiwakeCodeMasterEvent</event-class>
		<event-factory>
			<factory-class>jp.co.intra_mart.framework.base.event.StandardEventListenerFactory</factory-class>
			<init-param>
				<param-name>listener</param-name>
				<param-value>com.toyotec_jp.ucar.workflow.common.parts.model.event.SiwakeCodeMasterEventListener</param-value>
				<description/>
			</init-param>
		</event-factory>
		<display-name>仕分用コード区分マスタ取得イベント</display-name>
	</event-group>
	<!-- 2013.02.05 C.Ohta 追加 業販・U-Car店舗営業支援 end -->

	<!-- 2013.05.20 T.Hayato 追加 ai21仕入日取得 共通化のため start -->
	<event-group>
		<event-key>GetDdSiireEvent</event-key>
		<event-class>com.toyotec_jp.ucar.workflow.common.parts.model.event.GetDdSiireEvent</event-class>
		<event-factory>
			<factory-class>jp.co.intra_mart.framework.base.event.StandardEventListenerFactory</factory-class>
			<init-param>
				<param-name>listener</param-name>
				<param-value>com.toyotec_jp.ucar.workflow.common.parts.model.event.GetDdSiireEventListener</param-value>
				<description/>
			</init-param>
		</event-factory>
		<display-name>ai21仕入日取得イベント</display-name>
	</event-group>
	<!-- 2013.05.20 T.Hayato 追加 ai21仕入日取得 共通化のため end -->

	<!-- 2014.03.10 T.Hayato 修正 作業名をマスタから取得するため start -->
	<event-group>
		<event-key>GetSagyoKubunEvent</event-key>
		<event-class>com.toyotec_jp.ucar.workflow.common.parts.model.event.GetSagyoKubunEvent</event-class>
		<event-factory>
			<factory-class>jp.co.intra_mart.framework.base.event.StandardEventListenerFactory</factory-class>
			<init-param>
				<param-name>listener</param-name>
				<param-value>com.toyotec_jp.ucar.workflow.common.parts.model.event.GetSagyoKubunEventListener</param-value>
				<description/>
			</init-param>
		</event-factory>
		<display-name>作業区分取得イベント</display-name>
	</event-group>
	<!-- 2014.03.10 T.Hayato 修正 作業名をマスタから取得するため end -->

</event-config>
