<?xml version="1.0" encoding="UTF-8" standalone="no"?>
<data-config>

	<!-- [[バッチ：データ作成]] -->

	<dao-group>
		<dao-key>CreateSeibiUriageNippouDAO</dao-key>
		<description/>
		<dao>
			<display-name>整備売上日報情報作成DAO</display-name>
			<dao-class>com.toyotec_jp.ucar.batch.daily.datacreate.model.data.CreateSeibiUriageNippouDAOImpl</dao-class>
			<connector-name>shared_db</connector-name>
			<connect-name/>
			<description/>
		</dao>
	</dao-group>

</data-config>