<?xml version="1.0" encoding="UTF-8" standalone="no"?>
<event-config>

	<!-- [[バッチ：データ作成]] -->

	<event-group>
		<display-name>整備売上日報情報イベント</display-name>
		<event-key>CreateSeibiUriageNippouEvent</event-key>
		<event-factory>
			<factory-class>jp.co.intra_mart.framework.base.event.StandardEventListenerFactory</factory-class>
			<init-param>
				<param-name>listener</param-name>
				<param-value>com.toyotec_jp.ucar.batch.daily.datacreate.model.event.CreateSeibiUriageNippouEventListener</param-value>
				<description/>
			</init-param>
		</event-factory>
	</event-group>

</event-config>
