<?xml version="1.0" encoding="UTF-8" standalone="no"?>
<data-config>
	<!-- [[車両搬入一覧]] -->

	<!-- 2013.04.05 T.Hayato 修正 搬入拠点分散対応2のため start -->
	<dao-group>
		<dao-key>ListDAO</dao-key>
		<description/>
		<dao>
			<display-name>車両搬入一覧DAO</display-name>
			<dao-class>com.toyotec_jp.ucar.workflow.carryin.list.model.data.ListDaoImpl</dao-class>
			<connector-name>shared_db</connector-name>
			<connect-name/>
			<description/>
		</dao>
	</dao-group>
	<!-- 2013.04.05 T.Hayato 修正 搬入拠点分散対応2のため end -->

	<!-- 2013.04.05 T.Hayato 追加 搬入拠点分散対応2のため start -->
	<dao-group>
		<dao-key>ListSystemDBDAO</dao-key>
		<description/>
		<dao>
			<display-name>車両搬入一覧SYSTEMDBDAO</display-name>
			<dao-class>com.toyotec_jp.ucar.workflow.carryin.list.model.data.ListSystemDBDaoImpl</dao-class>
			<connector-name>shared_db</connector-name>
			<connect-name/>
			<description/>
		</dao>
	</dao-group>
	<!-- 2013.04.05 T.Hayato 追加 搬入拠点分散対応2のため end -->

</data-config>
