<?xml version="1.0" encoding="UTF-8" standalone="no"?>
<event-config>

	<!-- [[車両搬入一覧]] -->

	<event-group>
		<event-key>ListSelect</event-key>
		<event-class>com.toyotec_jp.ucar.workflow.carryin.list.model.event.ListSelectEvent</event-class>
		<event-factory>
			<factory-class>jp.co.intra_mart.framework.base.event.StandardEventListenerFactory</factory-class>
			<init-param>
				<param-name>listener</param-name>
				<param-value>com.toyotec_jp.ucar.workflow.carryin.list.model.event.ListSelectEventListener</param-value>
				<description/>
			</init-param>
		</event-factory>
		<display-name>list</display-name>
		<description>検索処理</description>
	</event-group>

	<!-- 2013.04.05 T.Hayato 追加 搬入拠点分散対応2のため start -->
	<event-group>
		<event-key>RegisterListDataEvent</event-key>
		<event-class>com.toyotec_jp.ucar.workflow.carryin.list.model.event.RegisterListDataEvent</event-class>
		<event-factory>
			<factory-class>jp.co.intra_mart.framework.base.event.StandardEventListenerFactory</factory-class>
			<init-param>
				<param-name>listener</param-name>
				<param-value>com.toyotec_jp.ucar.workflow.carryin.list.model.event.RegisterListDataEventListener</param-value>
				<description/>
			</init-param>
		</event-factory>
		<display-name>list</display-name>
		<description>登録処理</description>
	</event-group>
	<!-- 2013.04.05 T.Hayato 追加 搬入拠点分散対応2のため end -->

</event-config>