<?xml version="1.0" encoding="UTF-8" standalone="no"?>
<event-config>

	<!-- [[搬入書類チェック]] -->

	<event-group>
		<event-key>RegisterDocumentCheckDataEvent</event-key>
		<event-class>com.toyotec_jp.ucar.workflow.carryin.list.model.event.RegisterDocumentCheckDataEvent</event-class>
		<event-factory>
			<factory-class>jp.co.intra_mart.framework.base.event.StandardEventListenerFactory</factory-class>
			<init-param>
				<param-name>listener</param-name>
				<param-value>com.toyotec_jp.ucar.workflow.carryin.list.model.event.RegisterDocumentCheckDataEventListener</param-value>
				<description/>
			</init-param>
		</event-factory>
		<display-name>書類チェック登録イベント</display-name>
	</event-group>

	<event-group>
		<event-key>CancelDocumentCheckDataEvent</event-key>
		<event-class>com.toyotec_jp.ucar.workflow.carryin.list.model.event.CancelDocumentCheckDataEvent</event-class>
		<event-factory>
			<factory-class>jp.co.intra_mart.framework.base.event.StandardEventListenerFactory</factory-class>
			<init-param>
				<param-name>listener</param-name>
				<param-value>com.toyotec_jp.ucar.workflow.carryin.list.model.event.CancelDocumentCheckDataEventListener</param-value>
				<description/>
			</init-param>
		</event-factory>
		<display-name>書類チェック取消イベント</display-name>
	</event-group>

</event-config>
