<?xml version="1.0" encoding="UTF-8" standalone="no"?>
<service-config>

	<input-error>
		<page-path>/WEB-INF/view/toyotec/ucar/jsp/common/message/Message.jsp</page-path>
	</input-error>
	<service-error>
		<page-path>/WEB-INF/view/toyotec/ucar/jsp/common/message/Message.jsp</page-path>
	</service-error>
	<system-error>
		<page-path>/WEB-INF/view/toyotec/ucar/jsp/common/message/Message.jsp</page-path>
	</system-error>

	<!-- [[搬入書類チェック]] -->

	<service>
		<display-name>搬入書類チェック 初期処理</display-name>
		<service-id>DocumentCheckInit</service-id>
		<controller-class>com.toyotec_jp.ucar.workflow.carryin.list.service.controller.ListServiceController</controller-class>
		<next-page>
			<page-path>/WEB-INF/view/toyotec/ucar/jsp/workflow/carryin/documentcheck/DocumentCheck.jsp</page-path>
		</next-page>
	</service>

	<service>
		<display-name>車両搬入一覧検索</display-name>
		<service-id>DocumentCheckSearch</service-id>
		<controller-class>com.toyotec_jp.ucar.workflow.carryin.list.service.controller.ListServiceController</controller-class>
		<next-page>
		<page-path>/WEB-INF/view/toyotec/ucar/jsp/workflow/carryin/documentcheck/DocumentCheck.jsp</page-path>
		</next-page>
	</service>

	<service>
		<display-name>車両搬入一覧ソート</display-name>
		<service-id>DocumentCheckSort</service-id>
		<controller-class>com.toyotec_jp.ucar.workflow.carryin.list.service.controller.ListServiceController</controller-class>
		<next-page>
		<page-path>/WEB-INF/view/toyotec/ucar/jsp/workflow/carryin/documentcheck/DocumentCheck.jsp</page-path>
		</next-page>
	</service>

	<service>
		<display-name>登録処理</display-name>
		<service-id>DocumentCheckRegister</service-id>
		<controller-class>com.toyotec_jp.ucar.workflow.carryin.list.service.controller.ListServiceController</controller-class>
		<next-page>
			<page-path>/WEB-INF/view/toyotec/ucar/jsp/workflow/carryin/documentcheck/DocumentCheck.jsp</page-path>
		</next-page>
	</service>

	<service>
		<display-name>取消処理</display-name>
		<service-id>DocumentCheckCancel</service-id>
		<controller-class>com.toyotec_jp.ucar.workflow.carryin.list.service.controller.ListServiceController</controller-class>
		<next-page>
			<page-path>/WEB-INF/view/toyotec/ucar/jsp/workflow/carryin/documentcheck/DocumentCheck.jsp</page-path>
		</next-page>
	</service>

	<service>
		<display-name>車両搬入登録へ遷移</display-name>
		<service-id>DocumentCheckTransRegister</service-id>
		<controller-class>com.toyotec_jp.ucar.workflow.carryin.list.service.controller.ListServiceController</controller-class>
		<next-page>
			<page-path>com.toyotec_jp.ucar.workflow.carryin.register.Register-Edit.service</page-path>
		</next-page>
	</service>

	<service>
		<display-name>車両搬入登録から遷移</display-name>
		<service-id>DocumentCheckReturnRegister</service-id>
		<controller-class>com.toyotec_jp.ucar.workflow.carryin.list.service.controller.ListServiceController</controller-class>
		<next-page>
			<page-path>/WEB-INF/view/toyotec/ucar/jsp/workflow/carryin/documentcheck/DocumentCheck.jsp</page-path>
		</next-page>
	</service>

	<service>
		<display-name>搬入一覧表印刷</display-name>
		<service-id>HannyuDownload</service-id>
		<controller-class>com.toyotec_jp.ucar.workflow.carryin.list.service.controller.ListServiceController</controller-class>
		<next-page>
			<page-path>/toyotec/download</page-path>
		</next-page>
	</service>

</service-config>
