<?xml version="1.0" encoding="UTF-8" standalone="no"?>
<service-config>

	<input-error>
		<page-path>/WEB-INF/view/toyotec/ucar/jsp/common/message/Message.jsp</page-path>
	</input-error>
	<service-error>
		<page-path>/WEB-INF/view/toyotec/ucar/jsp/common/message/Message.jsp</page-path>
	</service-error>
	<system-error>
		<page-path>/WEB-INF/view/toyotec/ucar/jsp/common/message/Message.jsp</page-path>
	</system-error>

	<!-- [[車両搬入一覧]] -->

	<service>
		<display-name>初期処理</display-name>
		<service-id>ListInit</service-id>
		<controller-class>com.toyotec_jp.ucar.workflow.carryin.list.service.controller.ListServiceController</controller-class>
		<next-page>
			<page-path>/WEB-INF/view/toyotec/ucar/jsp/workflow/carryin/list/List.jsp</page-path>
		</next-page>
	</service>

	<service>
		<display-name>車両搬入一覧検索</display-name>
		<service-id>Search</service-id>
		<controller-class>com.toyotec_jp.ucar.workflow.carryin.list.service.controller.ListServiceController</controller-class>
		<next-page>
		<page-path>/WEB-INF/view/toyotec/ucar/jsp/workflow/carryin/list/List.jsp</page-path>
		</next-page>
	</service>

	<service>
		<display-name>車両搬入一覧ソート</display-name>
		<service-id>Sort</service-id>
		<controller-class>com.toyotec_jp.ucar.workflow.carryin.list.service.controller.ListServiceController</controller-class>
		<next-page>
		<page-path>/WEB-INF/view/toyotec/ucar/jsp/workflow/carryin/list/List.jsp</page-path>
		</next-page>
	</service>

	<service>
		<display-name>車両搬入登録</display-name>
		<service-id>TransRegister</service-id>
		<controller-class>com.toyotec_jp.ucar.workflow.carryin.list.service.controller.ListServiceController</controller-class>
		<next-page>
			<page-path>com.toyotec_jp.ucar.workflow.carryin.register.Register-Edit.service</page-path>
		</next-page>
	</service>

	<service>
		<display-name>車両搬入登録戻り</display-name>
		<service-id>ReturnRegister</service-id>
		<controller-class>com.toyotec_jp.ucar.workflow.carryin.list.service.controller.ListServiceController</controller-class>
		<next-page>
			<page-path>/WEB-INF/view/toyotec/ucar/jsp/workflow/carryin/list/List.jsp</page-path>
		</next-page>
	</service>

	<!-- 2013.04.05 T.Hayato 追加 搬入拠点分散対応2のため start -->
	<service>
		<display-name>登録処理</display-name>
		<service-id>ListRegister</service-id>
		<controller-class>com.toyotec_jp.ucar.workflow.carryin.list.service.controller.ListServiceController</controller-class>
		<next-page>
			<page-path>/WEB-INF/view/toyotec/ucar/jsp/workflow/carryin/list/List.jsp</page-path>
		</next-page>
	</service>
	<!-- 2013.04.05 T.Hayato 追加 搬入拠点分散対応2のため end -->

	<service>
		<display-name>在庫カード印刷</display-name>
		<service-id>ZaikoDownload</service-id>
		<controller-class>com.toyotec_jp.ucar.workflow.carryin.list.service.controller.ListServiceController</controller-class>
		<next-page>
			<page-path>/toyotec/download</page-path>
		</next-page>
	</service>

	<service>
		<display-name>工程表印刷</display-name>
		<service-id>KouteiDownload</service-id>
		<controller-class>com.toyotec_jp.ucar.workflow.carryin.list.service.controller.ListServiceController</controller-class>
		<next-page>
			<page-path>/toyotec/download</page-path>
		</next-page>
	</service>

	<service>
		<display-name>搬入一覧表印刷</display-name>
		<service-id>HannyuDownload</service-id>
		<controller-class>com.toyotec_jp.ucar.workflow.carryin.list.service.controller.ListServiceController</controller-class>
		<next-page>
			<page-path>/toyotec/download</page-path>
		</next-page>
	</service>

	<service>
		<display-name>CSVデータ作成</display-name>
		<service-id>CSVDownload</service-id>
		<controller-class>com.toyotec_jp.ucar.workflow.carryin.list.service.controller.ListServiceController</controller-class>
		<next-page>
			<page-path>/toyotec/download</page-path>
		</next-page>
	</service>

	<!-- 2013.04.11 T.Hayato 追加 搬入拠点分散対応2のため start -->
	<service>
		<display-name>車両装備チェックシート印刷</display-name>
		<service-id>SyaryoSoubiDownload</service-id>
		<controller-class>com.toyotec_jp.ucar.workflow.carryin.list.service.controller.ListServiceController</controller-class>
		<next-page>
			<page-path>/toyotec/download</page-path>
		</next-page>
	</service>
	<!-- 2013.04.11 T.Hayato 追加 搬入拠点分散対応2のため end -->

</service-config>
