<?xml version="1.0" encoding="UTF-8" standalone="no"?>
<event-config>

	<!-- [[車両搬入登録]] -->

	<event-group>
		<event-key>RegisterDataEvent</event-key>
		<event-class>com.toyotec_jp.ucar.workflow.carryin.register.model.event.RegisterDataEvent</event-class>
		<event-factory>
			<factory-class>jp.co.intra_mart.framework.base.event.StandardEventListenerFactory</factory-class>
			<init-param>
				<param-name>listener</param-name>
				<param-value>com.toyotec_jp.ucar.workflow.carryin.register.model.event.RegisterDataEventListener</param-value>
				<description/>
			</init-param>
		</event-factory>
		<display-name>登録イベント</display-name>
	</event-group>

	<event-group>
		<event-key>UpdateRegisterDataEvent</event-key>
		<event-class>com.toyotec_jp.ucar.workflow.carryin.register.model.event.UpdateRegisterDataEvent</event-class>
		<event-factory>
			<factory-class>jp.co.intra_mart.framework.base.event.StandardEventListenerFactory</factory-class>
			<init-param>
				<param-name>listener</param-name>
				<param-value>com.toyotec_jp.ucar.workflow.carryin.register.model.event.UpdateRegisterDataEventListener</param-value>
				<description/>
			</init-param>
		</event-factory>
		<display-name>更新登録イベント</display-name>
	</event-group>

	<event-group>
		<event-key>GetRegisterDataEvent</event-key>
		<event-class>com.toyotec_jp.ucar.workflow.carryin.register.model.event.GetRegisterDataEvent</event-class>
		<event-factory>
			<factory-class>jp.co.intra_mart.framework.base.event.StandardEventListenerFactory</factory-class>
			<init-param>
				<param-name>listener</param-name>
				<param-value>com.toyotec_jp.ucar.workflow.carryin.register.model.event.GetRegisterDataEventListener</param-value>
				<description/>
			</init-param>
		</event-factory>
		<display-name>車両搬入情報取得イベント</display-name>
	</event-group>

	<event-group>
		<event-key>DeleteRegisterDataEvent</event-key>
		<event-class>com.toyotec_jp.ucar.workflow.carryin.register.model.event.DeleteRegisterDataEvent</event-class>
		<event-factory>
			<factory-class>jp.co.intra_mart.framework.base.event.StandardEventListenerFactory</factory-class>
			<init-param>
				<param-name>listener</param-name>
				<param-value>com.toyotec_jp.ucar.workflow.carryin.register.model.event.DeleteRegisterDataEventListener</param-value>
				<description/>
			</init-param>
		</event-factory>
		<display-name>車両搬入情報削除イベント</display-name>
	</event-group>
</event-config>
