<?xml version="1.0" encoding="UTF-8" standalone="no"?>
<service-config>

	<input-error>
		<page-path>/WEB-INF/view/toyotec/ucar/jsp/common/message/Message.jsp</page-path>
	</input-error>
	<service-error>
		<page-path>/WEB-INF/view/toyotec/ucar/jsp/common/message/Message.jsp</page-path>
	</service-error>
	<system-error>
		<page-path>/WEB-INF/view/toyotec/ucar/jsp/common/message/Message.jsp</page-path>
	</system-error>

	<!-- [[車両搬入登録]] -->

	<service>
		<display-name>初期処理</display-name>
		<service-id>Init</service-id>
		<controller-class>com.toyotec_jp.ucar.workflow.carryin.register.service.controller.RegisterServiceController</controller-class>
		<next-page>
			<page-path>/WEB-INF/view/toyotec/ucar/jsp/workflow/carryin/register/Register.jsp</page-path>
		</next-page>
	</service>

	<service>
		<display-name>登録(帳票印刷)</display-name>
		<service-id>RegisterAndDownload</service-id>
		<controller-class>com.toyotec_jp.ucar.workflow.carryin.register.service.controller.RegisterServiceController</controller-class>
		<next-page>
			<page-path>/WEB-INF/view/toyotec/ucar/jsp/workflow/carryin/register/Register.jsp</page-path>
		</next-page>
	</service>

	<service>
		<display-name>登録</display-name>
		<service-id>Register</service-id>
		<controller-class>com.toyotec_jp.ucar.workflow.carryin.register.service.controller.RegisterServiceController</controller-class>
		<next-page>
			<page-path>/WEB-INF/view/toyotec/ucar/jsp/workflow/carryin/register/Register.jsp</page-path>
		</next-page>
	</service>

	<service>
		<display-name>更新登録(帳票印刷)</display-name>
		<service-id>UpdateRegisterAndDownload</service-id>
		<controller-class>com.toyotec_jp.ucar.workflow.carryin.register.service.controller.RegisterServiceController</controller-class>
		<next-page>
			<page-path>com.toyotec_jp.ucar.workflow.carryin.register.Register-Edit.service</page-path>
		</next-page>
	</service>

	<service>
		<display-name>更新登録</display-name>
		<service-id>UpdateRegister</service-id>
		<controller-class>com.toyotec_jp.ucar.workflow.carryin.register.service.controller.RegisterServiceController</controller-class>
		<next-page>
			<page-path>/WEB-INF/view/toyotec/ucar/jsp/common/message/Message.jsp</page-path>
		</next-page>
	</service>

	<service>
		<display-name>詳細確認・修正</display-name>
		<service-id>Edit</service-id>
		<controller-class>com.toyotec_jp.ucar.workflow.carryin.register.service.controller.RegisterServiceController</controller-class>
		<next-page>
			<page-path>/WEB-INF/view/toyotec/ucar/jsp/workflow/carryin/register/Register.jsp</page-path>
		</next-page>
	</service>

	<service>
		<display-name>削除</display-name>
		<service-id>Delete</service-id>
		<controller-class>com.toyotec_jp.ucar.workflow.carryin.register.service.controller.RegisterServiceController</controller-class>
		<next-page>
			<page-path>/WEB-INF/view/toyotec/ucar/jsp/common/message/Message.jsp</page-path>
		</next-page>
	</service>

	<service>
		<display-name>Ajax処理</display-name>
		<service-id>Ajax</service-id>
		<controller-class>com.toyotec_jp.ucar.workflow.carryin.register.service.controller.RegisterAjaxServiceController</controller-class>
		<next-page>
			<page-path>/WEB-INF/view/toyotec/ucar/jsp/ajaxblank.jsp</page-path>
		</next-page>
	</service>

	<service>
		<display-name>車両搬入一覧</display-name>
		<service-id>TransList</service-id>
		<controller-class>com.toyotec_jp.ucar.workflow.carryin.register.service.controller.RegisterServiceController</controller-class>
		<next-page>
			<page-path>com.toyotec_jp.ucar.workflow.carryin.list.List-ReturnRegister.service</page-path>
		</next-page>
	</service>

	<!-- 2012.01.30 T.Hayato 追加 搬入書類チェック画面新規作成のため start -->
	<service>
		<display-name>搬入書類チェック</display-name>
		<service-id>TransDocumentCheck</service-id>
		<controller-class>com.toyotec_jp.ucar.workflow.carryin.register.service.controller.RegisterServiceController</controller-class>
		<next-page>
			<page-path>com.toyotec_jp.ucar.workflow.carryin.list.DocumentCheck-DocumentCheckReturnRegister.service</page-path>
		</next-page>
	</service>
	<!-- 2012.01.30 T.Hayato 追加 搬入書類チェック画面新規作成のため end -->

	<service>
		<display-name>車両チェック(入庫検査／作業仕分)</display-name>
		<service-id>TransCarCheck</service-id>
		<controller-class>com.toyotec_jp.ucar.workflow.carryin.register.service.controller.RegisterServiceController</controller-class>
		<next-page>
			<page-path>com.toyotec_jp.ucar.workflow.carcheck.carcheck.CarCheck-CarCheckReturnRegister.service</page-path>
		</next-page>
	</service>

	<service>
		<display-name>初期処理(開発研究ページ)</display-name>
		<service-id>DummyInit</service-id>
		<controller-class>com.toyotec_jp.ucar.workflow.carryin.register.service.controller.ListDummyServiceController</controller-class>
		<next-page>
			<page-path>/WEB-INF/view/toyotec/ucar/jsp/workflow/carryin/register/ListDummy.jsp</page-path>
		</next-page>
	</service>

	<service>
		<display-name>印刷テスト(開発研究ページ)</display-name>
		<service-id>DummyPrintTest</service-id>
		<controller-class>com.toyotec_jp.ucar.workflow.carryin.register.service.controller.ListDummyServiceController</controller-class>
		<next-page>
			<page-path>/WEB-INF/view/toyotec/ucar/jsp/workflow/carryin/register/ListDummy.jsp</page-path>
		</next-page>
	</service>

	<service>
		<display-name>印刷テスト(開発研究ページ)売上精算</display-name>
		<service-id>DummyPrintTestUriage</service-id>
		<controller-class>com.toyotec_jp.ucar.workflow.carryin.register.service.controller.ListDummyServiceController</controller-class>
		<next-page>
			<page-path>/WEB-INF/view/toyotec/ucar/jsp/workflow/carryin/register/ListDummy.jsp</page-path>
		</next-page>
	</service>
	
</service-config>
