<?xml version="1.0" encoding="UTF-8" standalone="no"?>
<event-config>

	<!-- [[売上精算]] -->

	<event-group>
		<event-key>GetSalesAdjustmentDataEvent</event-key>
		<event-class>com.toyotec_jp.ucar.workflow.adjustment.salesadjustment.model.event.GetSalesAdjustmentDataEvent</event-class>
		<event-factory>
			<factory-class>jp.co.intra_mart.framework.base.event.StandardEventListenerFactory</factory-class>
			<init-param>
				<param-name>listener</param-name>
				<param-value>com.toyotec_jp.ucar.workflow.adjustment.salesadjustment.model.event.GetSalesAdjustmentDataEventListener</param-value>
				<description/>
			</init-param>
		</event-factory>
		<display-name>売上精算取得イベント</display-name>
	</event-group>

	<event-group>
		<event-key>SaveSalesAdjustmentDataEvent</event-key>
		<event-class>com.toyotec_jp.ucar.workflow.adjustment.salesadjustment.model.event.SaveSalesAdjustmentDataEvent</event-class>
		<event-factory>
			<factory-class>jp.co.intra_mart.framework.base.event.StandardEventListenerFactory</factory-class>
			<init-param>
				<param-name>listener</param-name>
				<param-value>com.toyotec_jp.ucar.workflow.adjustment.salesadjustment.model.event.SaveSalesAdjustmentDataEventListener</param-value>
				<description/>
			</init-param>
		</event-factory>
		<display-name>精算処理イベント</display-name>
	</event-group>

	<event-group>
		<event-key>CancelSalesAdjustmentDataEvent</event-key>
		<event-class>com.toyotec_jp.ucar.workflow.adjustment.salesadjustment.model.event.CancelSalesAdjustmentDataEvent</event-class>
		<event-factory>
			<factory-class>jp.co.intra_mart.framework.base.event.StandardEventListenerFactory</factory-class>
			<init-param>
				<param-name>listener</param-name>
				<param-value>com.toyotec_jp.ucar.workflow.adjustment.salesadjustment.model.event.CancelSalesAdjustmentDataEventListener</param-value>
				<description/>
			</init-param>
		</event-factory>
		<display-name>精算取消イベント</display-name>
	</event-group>

</event-config>
