<?xml version="1.0" encoding="UTF-8" standalone="no"?>
<service-config>

	<input-error>
		<page-path>/WEB-INF/view/toyotec/ucar/jsp/common/message/Message.jsp</page-path>
	</input-error>
	<service-error>
		<page-path>/WEB-INF/view/toyotec/ucar/jsp/common/message/Message.jsp</page-path>
	</service-error>
	<system-error>
		<page-path>/WEB-INF/view/toyotec/ucar/jsp/common/message/Message.jsp</page-path>
	</system-error>

	<!-- [[売上精算]] -->

	<service>
		<display-name>初期処理</display-name>
		<service-id>SalesAdjustmentInit</service-id>
		<controller-class>com.toyotec_jp.ucar.workflow.adjustment.salesadjustment.service.controller.SalesAdjustmentServiceController</controller-class>
		<next-page>
			<page-path>/WEB-INF/view/toyotec/ucar/jsp/workflow/adjustment/salesadjustment/SalesAdjustment.jsp</page-path>
		</next-page>
	</service>

	<service>
		<display-name>初期処理(特定処理(取消処理など)後に初期処理を行う場合)</display-name>
		<service-id>SalesAdjustmentExecuteAfterInit</service-id>
		<controller-class>com.toyotec_jp.ucar.workflow.adjustment.salesadjustment.service.controller.SalesAdjustmentServiceController</controller-class>
		<next-page>
			<page-path>/WEB-INF/view/toyotec/ucar/jsp/workflow/adjustment/salesadjustment/SalesAdjustment.jsp</page-path>
		</next-page>
	</service>

	<service>
		<display-name>検索処理</display-name>
		<service-id>SalesAdjustmentSearch</service-id>
		<controller-class>com.toyotec_jp.ucar.workflow.adjustment.salesadjustment.service.controller.SalesAdjustmentServiceController</controller-class>
		<next-page>
			<page-path>/WEB-INF/view/toyotec/ucar/jsp/workflow/adjustment/salesadjustment/SalesAdjustment.jsp</page-path>
		</next-page>
	</service>

	<service>
		<display-name>検索処理(特定処理(取消処理など)後に検索処理を行う場合)</display-name>
		<service-id>SalesAdjustmentExecuteAfterSearch</service-id>
		<controller-class>com.toyotec_jp.ucar.workflow.adjustment.salesadjustment.service.controller.SalesAdjustmentServiceController</controller-class>
		<next-page>
			<page-path>/WEB-INF/view/toyotec/ucar/jsp/workflow/adjustment/salesadjustment/SalesAdjustment.jsp</page-path>
		</next-page>
	</service>

	<service>
		<display-name>再表示処理(検索時)</display-name>
		<service-id>SalesAdjustmentReloadSearch</service-id>
		<controller-class>com.toyotec_jp.ucar.workflow.adjustment.salesadjustment.service.controller.SalesAdjustmentServiceController</controller-class>
		<next-page>
			<page-path>/WEB-INF/view/toyotec/ucar/jsp/workflow/adjustment/salesadjustment/SalesAdjustment.jsp</page-path>
		</next-page>
	</service>

	<service>
		<display-name>確認処理</display-name>
		<service-id>SalesAdjustmentConfirm</service-id>
		<controller-class>com.toyotec_jp.ucar.workflow.adjustment.salesadjustment.service.controller.SalesAdjustmentServiceController</controller-class>
		<next-page>
			<page-path>/WEB-INF/view/toyotec/ucar/jsp/workflow/adjustment/salesadjustment/SalesAdjustment.jsp</page-path>
		</next-page>
	</service>

	<service>
		<display-name>精算処理</display-name>
		<service-id>SalesAdjustmentAdjustment</service-id>
		<controller-class>com.toyotec_jp.ucar.workflow.adjustment.salesadjustment.service.controller.SalesAdjustmentServiceController</controller-class>
		<next-page>
			<page-path>com.toyotec_jp.ucar.workflow.adjustment.salesadjustment.SalesAdjustment-SalesAdjustmentExecuteAfterInit.service</page-path>
		</next-page>
	</service>

	<service>
		<display-name>精算取消処理</display-name>
		<service-id>SalesAdjustmentAdjustmentCancel</service-id>
		<controller-class>com.toyotec_jp.ucar.workflow.adjustment.salesadjustment.service.controller.SalesAdjustmentServiceController</controller-class>
		<next-page>
			<page-path>com.toyotec_jp.ucar.workflow.adjustment.salesadjustment.SalesAdjustment-SalesAdjustmentExecuteAfterInit.service</page-path>
		</next-page>
	</service>

	<service>
		<display-name>再発行処理</display-name>
		<service-id>SalesAdjustmentReissue</service-id>
		<controller-class>com.toyotec_jp.ucar.workflow.adjustment.salesadjustment.service.controller.SalesAdjustmentServiceController</controller-class>
		<next-page>
			<page-path>com.toyotec_jp.ucar.workflow.adjustment.salesadjustment.SalesAdjustment-SalesAdjustmentExecuteAfterSearch.service</page-path>
		</next-page>
	</service>

</service-config>
