<?xml version="1.0" encoding="UTF-8" standalone="no"?>
<event-config>

	<input-error>
		<page-path>/WEB-INF/view/toyotec/ucar/jsp/common/message/Message.jsp</page-path>
	</input-error>
	<service-error>
		<page-path>/WEB-INF/view/toyotec/ucar/jsp/common/message/Message.jsp</page-path>
	</service-error>
	<system-error>
		<page-path>/WEB-INF/view/toyotec/ucar/jsp/common/message/Message.jsp</page-path>
	</system-error>

	<!-- [[展示店舗受取処理]] -->

	<event-group>
		<event-key>GetStoreListDataEvent</event-key>
		<event-class>com.toyotec_jp.ucar.workflow.carryin.storelist.model.event.GetStoreListDataEvent</event-class>
		<event-factory>
			<factory-class>jp.co.intra_mart.framework.base.event.StandardEventListenerFactory</factory-class>
			<init-param>
				<param-name>listener</param-name>
				<param-value>com.toyotec_jp.ucar.workflow.carryin.storelist.model.event.GetStoreListDataEventListener</param-value>
				<description/>
			</init-param>
		</event-factory>
		<display-name>展示店舗受取処理情報取得イベント</display-name>
	</event-group>

	<event-group>
		<event-key>UpdateStoreListDataEvent</event-key>
		<event-class>com.toyotec_jp.ucar.workflow.carryin.storelist.model.event.UpdateStoreListDataEvent</event-class>
		<event-factory>
			<factory-class>jp.co.intra_mart.framework.base.event.StandardEventListenerFactory</factory-class>
			<init-param>
				<param-name>listener</param-name>
				<param-value>com.toyotec_jp.ucar.workflow.carryin.storelist.model.event.UpdateStoreListDataEventListener</param-value>
				<description/>
			</init-param>
		</event-factory>
		<display-name>更新処理イベント</display-name>
	</event-group>


</event-config>
