<?xml version="1.0" encoding="UTF-8" standalone="no"?>
<service-config>

	<input-error>
		<page-path>/WEB-INF/view/toyotec/ucar/jsp/common/message/Message.jsp</page-path>
	</input-error>
	<service-error>
		<page-path>/WEB-INF/view/toyotec/ucar/jsp/common/message/Message.jsp</page-path>
	</service-error>
	<system-error>
		<page-path>/WEB-INF/view/toyotec/ucar/jsp/common/message/Message.jsp</page-path>
	</system-error>

	<!-- [展示店舗受取処理] -->

	<service>
		<display-name>初期処理</display-name>
		<service-id>StoreListInit</service-id>
		<controller-class>com.toyotec_jp.ucar.workflow.carryin.storelist.service.controller.StoreListServiceController</controller-class>
		<next-page>
			<page-path>/WEB-INF/view/toyotec/ucar/jsp/workflow/carryin/storelist/StoreList.jsp</page-path>
		</next-page>
	</service>

	<service>
		<display-name>検索処理</display-name>
		<service-id>StoreListSearch</service-id>
		<controller-class>com.toyotec_jp.ucar.workflow.carryin.storelist.service.controller.StoreListServiceController</controller-class>
		<next-page>
			<page-path>/WEB-INF/view/toyotec/ucar/jsp/workflow/carryin/storelist/StoreList.jsp</page-path>
		</next-page>
	</service>

	<service>
		<display-name>ソート処理</display-name>
		<service-id>StoreListSorting</service-id>
		<controller-class>com.toyotec_jp.ucar.workflow.carryin.storelist.service.controller.StoreListServiceController</controller-class>
		<next-page>
			<page-path>/WEB-INF/view/toyotec/ucar/jsp/workflow/carryin/storelist/StoreList.jsp</page-path>
		</next-page>
	</service>

	<service>
		<display-name>更新処理</display-name>
		<service-id>StoreListUpdate</service-id>
		<controller-class>com.toyotec_jp.ucar.workflow.carryin.storelist.service.controller.StoreListServiceController</controller-class>
		<next-page>
			<page-path>/WEB-INF/view/toyotec/ucar/jsp/common/message/Message.jsp</page-path>
		</next-page>
	</service>

	<service>
		<display-name>再表示処理</display-name>
		<service-id>StoreListRelord</service-id>
		<controller-class>com.toyotec_jp.ucar.workflow.carryin.storelist.service.controller.StoreListServiceController</controller-class>
		<next-page>
			<page-path>/WEB-INF/view/toyotec/ucar/jsp/workflow/carryin/storelist/StoreList.jsp</page-path>
		</next-page>
	</service>
	

</service-config>
