<?xml version="1.0" encoding="UTF-8" standalone="no"?>
<event-config>

	<!-- [[バッチ：ファイル削除]] -->

	<event-group>
		<display-name>ファイル削除</display-name>
		<event-key>DeleteFileCleaningEvent</event-key>
		<event-factory>
			<factory-class>jp.co.intra_mart.framework.base.event.StandardEventListenerFactory</factory-class>
			<init-param>
				<param-name>listener</param-name>
				<param-value>com.toyotec_jp.ucar.batch.monthly.filecleaning.model.event.FileCleaningEventListener</param-value>
				<description/>
			</init-param>
		</event-factory>
	</event-group>

</event-config>
