<?xml version="1.0" encoding="UTF-8" standalone="no"?>
<data-config>

	<!-- [[まるクリ作業計画入力]] -->

	<dao-group>
		<dao-key>CleanPlanDAO</dao-key>
		<description></description>
		<dao>
			<display-name>まるクリ作業計画入力DAO</display-name>
			<dao-class>com.toyotec_jp.ucar.workflow.allclean.cleanplan.model.data.CleanPlanDAOImpl</dao-class>
			<connector-name>shared_db</connector-name>
			<connect-name/>
			<description/>
		</dao>
	</dao-group>

</data-config>
