<?xml version="1.0" encoding="UTF-8" standalone="no"?>
<event-config>

	<!-- [[まるクリ作業計画入力]] -->

	<event-group>
		<event-key>GetCleanPlanDataEvent</event-key>
		<event-class>com.toyotec_jp.ucar.workflow.allclean.cleanplan.model.event.GetCleanPlanDataEvent</event-class>
		<event-factory>
			<factory-class>jp.co.intra_mart.framework.base.event.StandardEventListenerFactory</factory-class>
			<init-param>
				<param-name>listener</param-name>
				<param-value>com.toyotec_jp.ucar.workflow.allclean.cleanplan.model.event.GetCleanPlanDataEventListener</param-value>
				<description/>
			</init-param>
		</event-factory>
		<display-name>まるまるクリン取得イベント</display-name>
	</event-group>

</event-config>
