<?xml version="1.0" encoding="UTF-8" standalone="no"?>
<service-config>

	<input-error>
		<page-path>/WEB-INF/view/toyotec/ucar/jsp/common/message/Message.jsp</page-path>
	</input-error>
	<service-error>
		<page-path>/WEB-INF/view/toyotec/ucar/jsp/common/message/Message.jsp</page-path>
	</service-error>
	<system-error>
		<page-path>/WEB-INF/view/toyotec/ucar/jsp/common/message/Message.jsp</page-path>
	</system-error>

	<!-- [[まるクリ作業計画入力]] -->

	<service>
		<display-name>初期処理</display-name>
		<service-id>CleanPlanInit</service-id>
		<controller-class>com.toyotec_jp.ucar.workflow.allclean.cleanplan.service.controller.CleanPlanServiceController</controller-class>
		<next-page>
			<page-path>/WEB-INF/view/toyotec/ucar/jsp/workflow/allclean/cleanplan/CleanPlan.jsp</page-path>
		</next-page>
	</service>

</service-config>
