<?xml version="1.0" encoding="UTF-8" standalone="no"?>
<event-config>

	<!-- [[車両チェック]] -->

	<event-group>
		<event-key>GetEnterCheckDataEvent</event-key>
		<event-class>com.toyotec_jp.ucar.workflow.carcheck.carcheck.model.event.GetEnterCheckDataEvent</event-class>
		<event-factory>
			<factory-class>jp.co.intra_mart.framework.base.event.StandardEventListenerFactory</factory-class>
			<init-param>
				<param-name>listener</param-name>
				<param-value>com.toyotec_jp.ucar.workflow.carcheck.carcheck.model.event.GetEnterCheckDataEventListener</param-value>
				<description/>
			</init-param>
		</event-factory>
		<display-name>入庫検査取得イベント</display-name>
	</event-group>

	<!-- 2012.02.23 T.Hayato 追加 入庫検査画面表示速度 改善のため start -->
	<event-group>
		<event-key>GetEnterCheckSelectDataEvent</event-key>
		<event-class>com.toyotec_jp.ucar.workflow.carcheck.carcheck.model.event.GetEnterCheckSelectDataEvent</event-class>
		<event-factory>
			<factory-class>jp.co.intra_mart.framework.base.event.StandardEventListenerFactory</factory-class>
			<init-param>
				<param-name>listener</param-name>
				<param-value>com.toyotec_jp.ucar.workflow.carcheck.carcheck.model.event.GetEnterCheckSelectDataEventListener</param-value>
				<description/>
			</init-param>
		</event-factory>
		<display-name>入庫検査選択イベント</display-name>
	</event-group>

	<event-group>
		<event-key>GetEnterCheckReloadDataEvent</event-key>
		<event-class>com.toyotec_jp.ucar.workflow.carcheck.carcheck.model.event.GetEnterCheckReloadDataEvent</event-class>
		<event-factory>
			<factory-class>jp.co.intra_mart.framework.base.event.StandardEventListenerFactory</factory-class>
			<init-param>
				<param-name>listener</param-name>
				<param-value>com.toyotec_jp.ucar.workflow.carcheck.carcheck.model.event.GetEnterCheckReloadDataEventListener</param-value>
				<description/>
			</init-param>
		</event-factory>
		<display-name>入庫検査再取得イベント</display-name>
	</event-group>
	<!-- 2012.02.23 T.Hayato 追加 入庫検査画面表示速度 改善のため end -->

	<event-group>
		<event-key>RegisterEnterCheckDataEvent</event-key>
		<event-class>com.toyotec_jp.ucar.workflow.carcheck.carcheck.model.event.RegisterEnterCheckDataEvent</event-class>
		<event-factory>
			<factory-class>jp.co.intra_mart.framework.base.event.StandardEventListenerFactory</factory-class>
			<init-param>
				<param-name>listener</param-name>
				<param-value>com.toyotec_jp.ucar.workflow.carcheck.carcheck.model.event.RegisterEnterCheckDataEventListener</param-value>
				<description/>
			</init-param>
		</event-factory>
		<display-name>入庫検査登録イベント</display-name>
	</event-group>

	<event-group>
		<event-key>CancelEnterCheckDataEvent</event-key>
		<event-class>com.toyotec_jp.ucar.workflow.carcheck.carcheck.model.event.CancelEnterCheckDataEvent</event-class>
		<event-factory>
			<factory-class>jp.co.intra_mart.framework.base.event.StandardEventListenerFactory</factory-class>
			<init-param>
				<param-name>listener</param-name>
				<param-value>com.toyotec_jp.ucar.workflow.carcheck.carcheck.model.event.CancelEnterCheckDataEventListener</param-value>
				<description/>
			</init-param>
		</event-factory>
		<display-name>入庫検査取消イベント</display-name>
	</event-group>

	<event-group>
		<event-key>GetWorkSortDataEvent</event-key>
		<event-class>com.toyotec_jp.ucar.workflow.carcheck.carcheck.model.event.GetWorkSortDataEvent</event-class>
		<event-factory>
			<factory-class>jp.co.intra_mart.framework.base.event.StandardEventListenerFactory</factory-class>
			<init-param>
				<param-name>listener</param-name>
				<param-value>com.toyotec_jp.ucar.workflow.carcheck.carcheck.model.event.GetWorkSortDataEventListener</param-value>
				<description/>
			</init-param>
		</event-factory>
		<display-name>作業仕分取得イベント</display-name>
	</event-group>

	<event-group>
		<event-key>RegisterWorkSortDataEvent</event-key>
		<event-class>com.toyotec_jp.ucar.workflow.carcheck.carcheck.model.event.RegisterWorkSortDataEvent</event-class>
		<event-factory>
			<factory-class>jp.co.intra_mart.framework.base.event.StandardEventListenerFactory</factory-class>
			<init-param>
				<param-name>listener</param-name>
				<param-value>com.toyotec_jp.ucar.workflow.carcheck.carcheck.model.event.RegisterWorkSortDataEventListener</param-value>
				<description/>
			</init-param>
		</event-factory>
		<display-name>作業仕分登録イベント</display-name>
	</event-group>

	<event-group>
		<event-key>CancelWorkSortDataEvent</event-key>
		<event-class>com.toyotec_jp.ucar.workflow.carcheck.carcheck.model.event.CancelWorkSortDataEvent</event-class>
		<event-factory>
			<factory-class>jp.co.intra_mart.framework.base.event.StandardEventListenerFactory</factory-class>
			<init-param>
				<param-name>listener</param-name>
				<param-value>com.toyotec_jp.ucar.workflow.carcheck.carcheck.model.event.CancelWorkSortDataEventListener</param-value>
				<description/>
			</init-param>
		</event-factory>
		<display-name>作業仕分取消イベント</display-name>
	</event-group>

</event-config>
