<?xml version="1.0" encoding="UTF-8" standalone="no"?>
<service-config>

	<input-error>
		<page-path>/WEB-INF/view/toyotec/ucar/jsp/common/message/Message.jsp</page-path>
	</input-error>
	<service-error>
		<page-path>/WEB-INF/view/toyotec/ucar/jsp/common/message/Message.jsp</page-path>
	</service-error>
	<system-error>
		<page-path>/WEB-INF/view/toyotec/ucar/jsp/common/message/Message.jsp</page-path>
	</system-error>

	<!-- [[車両チェック]] -->

	<service>
		<display-name>初期処理</display-name>
		<service-id>CarCheckInit</service-id>
		<controller-class>com.toyotec_jp.ucar.workflow.carcheck.carcheck.service.controller.CarCheckServiceController</controller-class>
		<next-page>
			<page-path>/WEB-INF/view/toyotec/ucar/jsp/workflow/carcheck/carcheck/CarCheck.jsp</page-path>
		</next-page>
	</service>

	<service>
		<display-name>検索処理</display-name>
		<service-id>CarCheckSearch</service-id>
		<controller-class>com.toyotec_jp.ucar.workflow.carcheck.carcheck.service.controller.CarCheckServiceController</controller-class>
		<next-page>
			<page-path>/WEB-INF/view/toyotec/ucar/jsp/workflow/carcheck/carcheck/CarCheck.jsp</page-path>
		</next-page>
	</service>

	<service>
		<display-name>クリア処理</display-name>
		<service-id>CarCheckClear</service-id>
		<controller-class>com.toyotec_jp.ucar.workflow.carcheck.carcheck.service.controller.CarCheckServiceController</controller-class>
		<next-page>
			<page-path>/WEB-INF/view/toyotec/ucar/jsp/workflow/carcheck/carcheck/CarCheck.jsp</page-path>
		</next-page>
	</service>

	<service>
		<display-name>ソート処理</display-name>
		<service-id>CarCheckSorting</service-id>
		<controller-class>com.toyotec_jp.ucar.workflow.carcheck.carcheck.service.controller.CarCheckServiceController</controller-class>
		<next-page>
			<page-path>/WEB-INF/view/toyotec/ucar/jsp/workflow/carcheck/carcheck/CarCheck.jsp</page-path>
		</next-page>
	</service>

	<service>
		<display-name>登録処理</display-name>
		<service-id>CarCheckRegister</service-id>
		<controller-class>com.toyotec_jp.ucar.workflow.carcheck.carcheck.service.controller.CarCheckServiceController</controller-class>
		<next-page>
			<page-path>/WEB-INF/view/toyotec/ucar/jsp/workflow/carcheck/carcheck/CarCheck.jsp</page-path>
		</next-page>
	</service>

	<service>
		<display-name>取消処理</display-name>
		<service-id>CarCheckCancel</service-id>
		<controller-class>com.toyotec_jp.ucar.workflow.carcheck.carcheck.service.controller.CarCheckServiceController</controller-class>
		<next-page>
			<page-path>/WEB-INF/view/toyotec/ucar/jsp/workflow/carcheck/carcheck/CarCheck.jsp</page-path>
		</next-page>
	</service>

	<service>
		<display-name>登録＆車両搬出表印刷処理</display-name>
		<service-id>CarCheckRegisterAndDownload</service-id>
		<controller-class>com.toyotec_jp.ucar.workflow.carcheck.carcheck.service.controller.CarCheckServiceController</controller-class>
		<next-page>
			<page-path>/WEB-INF/view/toyotec/ucar/jsp/workflow/carcheck/carcheck/CarCheck.jsp</page-path>
		</next-page>
	</service>

	<service>
		<display-name>車両搬出表印刷処理</display-name>
		<service-id>CarCheckDownload</service-id>
		<controller-class>com.toyotec_jp.ucar.workflow.carcheck.carcheck.service.controller.CarCheckServiceController</controller-class>
		<next-page>
			<page-path>/WEB-INF/view/toyotec/ucar/jsp/workflow/carcheck/carcheck/CarCheck.jsp</page-path>
		</next-page>
	</service>

		<service>
		<display-name>車両搬入登録</display-name>
		<service-id>CarCheckTransRegister</service-id>
		<controller-class>com.toyotec_jp.ucar.workflow.carcheck.carcheck.service.controller.CarCheckServiceController</controller-class>
		<next-page>
			<page-path>com.toyotec_jp.ucar.workflow.carryin.register.Register-Edit.service</page-path>
		</next-page>
	</service>

	<service>
		<display-name>車両搬入登録戻り</display-name>
		<service-id>CarCheckReturnRegister</service-id>
		<controller-class>com.toyotec_jp.ucar.workflow.carcheck.carcheck.service.controller.CarCheckServiceController</controller-class>
		<next-page>
			<page-path>/WEB-INF/view/toyotec/ucar/jsp/workflow/carcheck/carcheck/CarCheck.jsp</page-path>
		</next-page>
	</service>

	<!-- 2012.02.23 T.Hayato 追加 入庫検査画面表示速度 改善のため start -->
	<service>
		<display-name>選択処理</display-name>
		<service-id>CarCheckSelect</service-id>
		<controller-class>com.toyotec_jp.ucar.workflow.carcheck.carcheck.service.controller.CarCheckServiceController</controller-class>
		<next-page>
			<page-path>/WEB-INF/view/toyotec/ucar/jsp/workflow/carcheck/carcheck/CarCheck.jsp</page-path>
		</next-page>
	</service>
	<!-- 2012.02.23 T.Hayato 追加 入庫検査画面表示速度 改善のため end -->

</service-config>
