<?xml version="1.0" encoding="UTF-8" standalone="no"?>
<service-config>
<input-error>
	<page-path>/j2ee/document/error/input_error.jsp</page-path>
</input-error>
<service-error>
	<page-path>/j2ee/document/error/service_error.jsp</page-path>
</service-error>
<system-error>
	<page-path>/j2ee/document/error/system_error.jsp</page-path>
</system-error>

<service>
	<display-name>カレンダー表示</display-name>
	<service-id>CalendarInit</service-id>
	<controller-class>com.toyotec_jp.ucar.workflow.common.calendar.service.controller.CalendarInitServiceController</controller-class>
	<next-page>
		<page-path>/WEB-INF/view/toyotec/ucar/jsp/common/calendar/Calendar.jsp</page-path>
	</next-page>
</service>

<service>
	<display-name>カレンダー表示(再描画)</display-name>
	<service-id>CalendarReload</service-id>
	<controller-class>com.toyotec_jp.ucar.workflow.common.calendar.service.controller.CalendarReloadServiceController</controller-class>
	<next-page>
		<page-path>/WEB-INF/view/toyotec/ucar/jsp/common/calendar/Calendar.jsp</page-path>
	</next-page>
</service>

</service-config>
