<?xml version="1.0" encoding="UTF-8" standalone="no"?>
<service-config>
<input-error>
	<page-path>/j2ee/document/error/input_error.jsp</page-path>
</input-error>
<service-error>
	<page-path>/j2ee/document/error/service_error.jsp</page-path>
</service-error>
<system-error>
	<page-path>/j2ee/document/error/system_error.jsp</page-path>
</system-error>

<service>
	<display-name>メッセージ表示</display-name>
	<service-id>MessageInit</service-id>
	<controller-class>com.toyotec_jp.t_lease.workflow.common.message.service.MessageInitServiceController</controller-class>
	<next-page>
		<page-path>/WEB-INF/view/toyotec/t_lease/jsp/common/message/Message.jsp</page-path>
	</next-page>
</service>

</service-config>
