<?xml version="1.0" encoding="UTF-8" standalone="no"?>
<event-config>

	<!-- [[バッチ：データ削除]] -->

	<event-group>
		<display-name>データ削除</display-name>
		<event-key>DeleteDataCleaningEvent</event-key>
		<event-factory>
			<factory-class>jp.co.intra_mart.framework.base.event.StandardEventListenerFactory</factory-class>
			<init-param>
				<param-name>listener</param-name>
				<param-value>com.toyotec_jp.ucar.batch.monthly.datacleaning.model.event.DataCleaningEventListener</param-value>
				<description/>
			</init-param>
		</event-factory>
	</event-group>

</event-config>
