<?xml version="1.0" encoding="UTF-8" standalone="no"?>
<event-config>

	<!-- [[車両搬出登録]] -->

	<event-group>
		<event-key>GetRegisterDataEvent</event-key>
		<event-class>com.toyotec_jp.ucar.workflow.carryout.register.model.event.GetCarryoutRegisterDataEvent</event-class>
		<event-factory>
			<factory-class>jp.co.intra_mart.framework.base.event.StandardEventListenerFactory</factory-class>
			<init-param>
				<param-name>listener</param-name>
				<param-value>com.toyotec_jp.ucar.workflow.carryout.register.model.event.GetCarryoutRegisterDataEventListener</param-value>
				<description/>
			</init-param>
		</event-factory>
		<display-name>車両搬出情報取得イベント</display-name>
	</event-group>

	<event-group>
		<event-key>RegisterDataEvent</event-key>
		<event-class>com.toyotec_jp.ucar.workflow.carryout.register.model.event.CarryoutRegisterDataEvent</event-class>
		<event-factory>
			<factory-class>jp.co.intra_mart.framework.base.event.StandardEventListenerFactory</factory-class>
			<init-param>
				<param-name>listener</param-name>
				<param-value>com.toyotec_jp.ucar.workflow.carryout.register.model.event.CarryoutRegisterDataEventListener</param-value>
				<description/>
			</init-param>
		</event-factory>
		<display-name>車両搬出情報登録イベント</display-name>
	</event-group>

	<event-group>
		<event-key>DeleteRegisterDataEvent</event-key>
		<event-class>com.toyotec_jp.ucar.workflow.carryout.register.model.event.DeleteCarryoutRegisterDataEvent</event-class>
		<event-factory>
			<factory-class>jp.co.intra_mart.framework.base.event.StandardEventListenerFactory</factory-class>
			<init-param>
				<param-name>listener</param-name>
				<param-value>com.toyotec_jp.ucar.workflow.carryout.register.model.event.DeleteCarryoutRegisterDataEventListener</param-value>
				<description/>
			</init-param>
		</event-factory>
		<display-name>車両搬出情報削除イベント</display-name>
	</event-group>
	
	<!-- 2014.08.11 00496_990215 追加 搬出予定情報登録のため start -->
	<event-group>
		<event-key>PlanRegisterDataEvent</event-key>
		<event-class>com.toyotec_jp.ucar.workflow.carryout.register.model.event.CarryoutPlanRegisterDataEvent</event-class>
		<event-factory>
			<factory-class>jp.co.intra_mart.framework.base.event.StandardEventListenerFactory</factory-class>
			<init-param>
				<param-name>listener</param-name>
				<param-value>com.toyotec_jp.ucar.workflow.carryout.register.model.event.CarryoutPlanRegisterDataEventListener</param-value>
				<description/>
			</init-param>
		</event-factory>
		<display-name>搬出予定取得イベント</display-name>
	</event-group>
	<!-- 2014.08.11 00496_990215 追加 搬出予定情報登録のため end -->

</event-config>
