<?xml version="1.0" encoding="UTF-8" standalone="no"?>
<service-config>

	<input-error>
		<page-path>/WEB-INF/view/toyotec/ucar/jsp/common/message/Message.jsp</page-path>
	</input-error>
	<service-error>
		<page-path>/WEB-INF/view/toyotec/ucar/jsp/common/message/Message.jsp</page-path>
	</service-error>
	<system-error>
		<page-path>/WEB-INF/view/toyotec/ucar/jsp/common/message/Message.jsp</page-path>
	</system-error>

	<!-- [[車両搬出登録]] -->

	<service>
		<display-name>初期処理</display-name>
		<service-id>RegisterInit</service-id>
		<controller-class>com.toyotec_jp.ucar.workflow.carryout.register.service.controller.CarryoutRegisterServiceController</controller-class>
		<next-page>
			<page-path>/WEB-INF/view/toyotec/ucar/jsp/workflow/carryout/register/CarryoutRegister.jsp</page-path>
		</next-page>
	</service>

	<service>
		<display-name>検索処理</display-name>
		<service-id>RegisterSearch</service-id>
		<controller-class>com.toyotec_jp.ucar.workflow.carryout.register.service.controller.CarryoutRegisterServiceController</controller-class>
		<next-page>
			<page-path>/WEB-INF/view/toyotec/ucar/jsp/workflow/carryout/register/CarryoutRegister.jsp</page-path>
		</next-page>
	</service>
	<service>
		<display-name>検索処理連係</display-name>
		<service-id>RegisterSearchMV</service-id>
		<controller-class>com.toyotec_jp.ucar.workflow.carryout.register.service.controller.CarryoutRegisterServiceController</controller-class>
		<next-page>
			<page-path>/WEB-INF/view/toyotec/ucar/jsp/workflow/carryout/register/CarryoutRegister.jsp</page-path>
		</next-page>
	</service>
	<service>
		<display-name>登録処理</display-name>
		<service-id>RegisterExecute</service-id>
		<controller-class>com.toyotec_jp.ucar.workflow.carryout.register.service.controller.CarryoutRegisterServiceController</controller-class>
		<next-page>
			<page-path>com.toyotec_jp.ucar.workflow.carryout.register.CarryoutRegister-RegisterInit.service</page-path>
		</next-page>
	</service>

	<!-- 2013.05.28 T.Hayato 追加 搬入拠点分散対応2のため start -->
	<service>
		<display-name>登録(帳票印刷)処理</display-name>
		<service-id>RegisterExecuteAndDownload</service-id>
		<controller-class>com.toyotec_jp.ucar.workflow.carryout.register.service.controller.CarryoutRegisterServiceController</controller-class>
		<next-page>
			<page-path>/toyotec/download</page-path>
		</next-page>
	</service>
	<!-- 2013.05.28 T.Hayato 追加 搬入拠点分散対応2のため end -->

	<service>
		<display-name>削除処理</display-name>
		<service-id>RegisterDelete</service-id>
		<controller-class>com.toyotec_jp.ucar.workflow.carryout.register.service.controller.CarryoutRegisterServiceController</controller-class>
		<next-page>
			<page-path>/WEB-INF/view/toyotec/ucar/jsp/common/message/Message.jsp</page-path>
		</next-page>
	</service>
	<!-- 2014.08.11 00496_990215 追加 搬出予定情報登録のため start -->
	<service>
		<display-name>搬出予定登録処理</display-name>
		<service-id>RegisterPlanExecute</service-id>
		<controller-class>com.toyotec_jp.ucar.workflow.carryout.register.service.controller.CarryoutRegisterServiceController</controller-class>
		<next-page>
			<page-path>/WEB-INF/view/toyotec/ucar/jsp/common/message/Message.jsp</page-path>
		</next-page>
	</service>
	<!-- 2014.08.11 00496_990215 追加 搬出予定情報登録のため end -->

</service-config>
